DATE,All_Employees,Permit,Cement_Price,Brick_Price,Total_Construction_Employees,Em_Ratio,GDP,Home_ownership_rate,INCOME,Industrial_Cement_Concrete_Manufactured,Labour_Population,Median_Sales_Prices,Mortgage_Rate,Monthly_House_Supply,New_Housing_Under_Construction,New_Private_Housing,Personal_Saving_Rate,HOME_PRICE,Unemployment_Rate
1987-01-01,5007.0,1690.0,100.1,4.694096395182493,722.3,61.0,4722.156,63.8,3820.2,123.7373,65.4,97900.0,9.204,6.0,1090.0,1774.0,9.4,127.93,6.6
1987-02-01,5038.0,1689.0,100.8,4.694096395182493,724.2,61.1,4722.156,63.8,3845.0,123.167,65.5,97900.0,9.0825,6.2,1096.0,1784.0,8.2,128.84799999999998,6.6
1987-03-01,5039.0,1704.0,101.2,4.694096395182493,727.9,61.2,4722.156,63.8,3863.8,122.5706,65.5,97900.0,9.035,6.0,1084.0,1726.0,8.1,129.472,6.6
1987-04-01,5053.0,1601.0,100.8,4.694096395182493,728.1,61.3,4806.16,63.8,3875.4,123.5345,65.4,103400.0,9.8325,6.0,1079.0,1614.0,4.1,130.264,6.3
1987-05-01,5080.0,1500.0,101.2,4.688591794127164,727.6,61.6,4806.16,63.8,3908.6,123.8454,65.7,103400.0,10.596,6.7,1070.0,1628.0,7.8,131.126,6.3
1987-06-01,5086.0,1522.0,101.2,4.688591794127164,728.5,61.4,4806.16,63.8,3919.7,123.3012,65.5,103400.0,10.5375,6.9,1060.0,1594.0,7.3,132.142,6.2
1987-07-01,5092.0,1516.0,101.1,4.688591794127164,732.1,61.6,4884.555,64.2,3942.1,127.3025,65.6,106000.0,10.278,6.7,1051.0,1575.0,7.1,133.014,6.1
1987-08-01,5102.0,1511.0,101.1,4.688591794127164,729.2,61.8,4884.555,64.2,3978.6,122.6327,65.7,106000.0,10.33,6.8,1045.0,1605.0,6.8,133.876,6.0
1987-09-01,5096.0,1514.0,101.1,4.688591794127164,731.6,61.6,4884.555,64.2,3995.6,125.4097,65.5,106000.0,10.8875,6.8,1048.0,1695.0,7.2,134.66,5.9
1987-10-01,5142.0,1447.0,101.0,4.688591794127164,741.3,61.8,5007.994,64.1,4034.7,127.4145,65.7,111500.0,11.26,6.8,1041.0,1515.0,7.9,135.47799999999998,6.0
1987-11-01,5152.0,1457.0,100.9,4.688591794127164,742.8,61.9,5007.994,64.1,4062.1,127.2895,65.7,111500.0,10.65,7.0,1042.0,1656.0,8.2,136.214,5.8
1987-12-01,5180.0,1345.0,100.6,4.688591794127164,743.5,62.0,5007.994,64.1,4115.7,124.5768,65.7,111500.0,10.64,7.6,1018.0,1400.0,8.4,137.012,5.7
1988-01-01,5094.0,1244.0,100.7,4.688591794127164,745.0,62.0,5073.372,63.7,4128.2,111.7494,65.8,110000.0,10.3825,7.5,1008.0,1271.0,7.9,137.716,5.7
1988-02-01,5162.0,1438.0,101.5,4.688591794127164,747.0,62.1,5073.372,63.7,4153.0,119.6235,65.9,110000.0,9.8925,6.6,976.0,1473.0,8.4,138.526,5.7
1988-03-01,5201.0,1525.0,101.1,4.713127327493184,750.1,61.9,5073.372,63.7,4178.3,124.8638,65.7,110000.0,9.93,6.6,994.0,1532.0,8.0,139.28,5.7
1988-04-01,5227.0,1429.0,101.6,4.713127327493184,754.0,62.2,5190.036,63.7,4209.5,123.2387,65.8,110000.0,10.202,6.4,999.0,1573.0,8.7,139.954,5.4
1988-05-01,5228.0,1444.0,102.3,4.713127327493184,751.2,62.0,5190.036,63.7,4225.9,125.8846,65.7,110000.0,10.455,6.6,987.0,1421.0,8.3,140.852,5.6
1988-06-01,5261.0,1485.0,101.7,4.713127327493184,757.0,62.3,5190.036,63.7,4258.9,126.7927,65.8,110000.0,10.46,6.2,980.0,1478.0,8.4,141.778,5.4
1988-07-01,5270.0,1439.0,101.5,4.71492104994721,747.1,62.3,5282.835,64.0,4298.8,120.8889,65.9,115000.0,10.432,6.6,971.0,1467.0,8.6,142.708,5.4
1988-08-01,5268.0,1460.0,101.4,4.709530201312334,744.5,62.4,5282.835,64.0,4323.0,119.923,66.1,115000.0,10.5975,6.6,967.0,1493.0,8.4,143.59799999999998,5.6
1988-09-01,5270.0,1436.0,100.9,4.7140245909001735,740.5,62.4,5282.835,64.0,4352.5,121.2472,65.9,115000.0,10.48,6.5,958.0,1492.0,8.8,144.48,5.4
1988-10-01,5262.0,1516.0,100.7,4.7140245909001735,732.8,62.5,5399.509,63.8,4391.1,120.9774,66.0,113900.0,10.3025,6.0,953.0,1522.0,8.6,145.27,5.4
1988-11-01,5273.0,1508.0,100.6,4.716711560720999,731.7,62.7,5399.509,63.8,4402.5,121.3659,66.2,113900.0,10.265,7.2,960.0,1569.0,8.4,146.142,5.3
1988-12-01,5277.0,1501.0,100.6,4.716711560720999,730.4,62.6,5399.509,63.8,4438.6,127.0205,66.1,113900.0,10.612,6.8,955.0,1563.0,8.3,146.93200000000002,5.3
1989-01-01,5289.0,1466.0,100.7,4.716711560720999,734.9,62.9,5511.253,63.9,4501.5,132.6783,66.5,118000.0,10.73,6.2,955.0,1621.0,8.5,147.892,5.4
1989-02-01,5278.0,1383.0,100.2,4.730921391293652,721.9,62.9,5511.253,63.9,4529.6,114.8575,66.3,118000.0,10.645,7.5,947.0,1425.0,8.9,148.764,5.2
1989-03-01,5260.0,1214.0,100.2,4.73707525686803,707.1,62.9,5511.253,63.9,4570.2,115.9009,66.3,118000.0,11.032,8.2,940.0,1422.0,9.4,149.556,5.0
1989-04-01,5295.0,1376.0,101.2,4.805659046737495,707.9,62.9,5612.463,63.8,4582.5,119.4545,66.4,118900.0,11.05,7.4,922.0,1339.0,8.3,150.172,5.2
1989-05-01,5299.0,1381.0,101.2,4.805659046737495,709.3,62.9,5612.463,63.8,4579.4,118.1679,66.3,118900.0,10.7725,7.1,913.0,1331.0,8.0,150.612,5.2
1989-06-01,5298.0,1322.0,101.2,4.805659046737495,706.6,63.0,5612.463,63.8,4602.2,117.488,66.5,118900.0,10.196,7.2,913.0,1397.0,8.1,150.958,5.3
1989-07-01,5317.0,1283.0,101.2,4.805659046737495,708.9,63.0,5695.365,64.1,4628.5,117.972,66.5,120000.0,9.8825,6.1,918.0,1427.0,8.1,151.314,5.2
1989-08-01,5330.0,1334.0,100.9,4.805659046737495,716.6,63.1,5695.365,64.1,4639.1,123.8397,66.5,120000.0,9.985,6.4,901.0,1332.0,7.5,151.67,5.2
1989-09-01,5323.0,1314.0,101.6,4.805659046737495,710.1,62.8,5695.365,64.1,4662.3,120.7576,66.4,120000.0,10.126,7.1,895.0,1279.0,7.9,152.112,5.3
1989-10-01,5347.0,1365.0,101.7,4.805659046737495,707.5,62.9,5747.237,63.8,4703.0,124.1226,66.5,124800.0,9.9475,6.9,897.0,1410.0,8.4,152.566,5.3
1989-11-01,5364.0,1344.0,101.6,4.805659046737495,708.1,63.0,5747.237,63.8,4718.1,125.519,66.6,124800.0,9.7675,6.6,882.0,1351.0,8.5,153.04,5.4
1989-12-01,5309.0,1422.0,101.7,4.805659046737495,705.7,63.0,5747.237,63.8,4735.7,114.9318,66.5,124800.0,9.744,7.0,885.0,1251.0,7.7,153.41,5.4
1990-01-01,5422.0,1748.0,101.7,4.805659046737495,710.3,63.2,5872.701,64.0,4783.8,138.1363,66.8,123900.0,9.895,7.0,891.0,1551.0,7.9,153.79399999999998,5.4
1990-02-01,5416.0,1329.0,101.7,4.805659046737495,707.3,63.2,5872.701,64.0,4819.8,134.7538,66.7,123900.0,10.1975,7.6,898.0,1437.0,8.5,154.106,5.3
1990-03-01,5392.0,1246.0,102.0,4.805659046737495,703.0,63.2,5872.701,64.0,4842.7,132.5115,66.7,123900.0,10.268,7.8,885.0,1289.0,8.3,154.40200000000002,5.2
1990-04-01,5355.0,1136.0,102.5,4.805659046737495,692.5,63.0,5960.028,63.7,4883.8,127.1853,66.6,126800.0,10.37,8.3,872.0,1248.0,8.7,154.558,5.4
1990-05-01,5321.0,1067.0,102.5,4.805659046737495,688.6,63.1,5960.028,63.7,4889.5,123.8842,66.6,126800.0,10.4775,8.2,858.0,1212.0,8.7,154.594,5.4
1990-06-01,5303.0,1108.0,102.4,4.805659046737495,681.4,62.9,5960.028,63.7,4919.3,123.1067,66.4,126800.0,10.164,7.9,846.0,1177.0,8.6,154.518,5.2
1990-07-01,5274.0,1078.0,102.7,4.805659046737495,673.9,62.8,6015.116,64.0,4948.2,122.3559,66.5,117000.0,10.035,7.8,831.0,1171.0,8.7,154.278,5.5
1990-08-01,5234.0,1069.0,102.8,4.805659046737495,663.3,62.7,6015.116,64.0,4949.9,119.6385,66.5,117000.0,10.1,8.2,813.0,1115.0,8.1,154.018,5.7
1990-09-01,5197.0,976.0,103.5,4.829912458665998,656.8,62.5,6015.116,64.0,4978.6,118.6876,66.4,117000.0,10.175,8.4,793.0,1110.0,8.1,153.7,5.9
1990-10-01,5134.0,925.0,103.6,4.829912458665998,646.3,62.5,6004.733,64.1,4966.5,113.6963,66.4,121500.0,10.1775,8.7,766.0,1014.0,7.9,153.398,5.9
1990-11-01,5095.0,941.0,103.7,4.856706811803519,633.8,62.3,6004.733,64.1,4973.5,116.5566,66.4,121500.0,10.014,8.2,758.0,1145.0,8.0,152.738,6.2
1990-12-01,5047.0,861.0,103.8,4.856706811803519,624.3,62.2,6004.733,64.1,5004.1,108.5216,66.4,121500.0,9.6725,8.5,745.0,969.0,8.8,152.37,6.3
1991-01-01,4972.0,786.0,105.0,4.856706811803519,610.0,62.0,6035.178,63.9,4990.4,101.5934,66.2,120000.0,9.6375,9.4,716.0,798.0,9.4,151.83,6.4
1991-02-01,4929.0,853.0,105.3,4.859812404361672,600.3,61.9,6035.178,63.9,4997.1,108.6813,66.2,120000.0,9.365,7.9,710.0,965.0,9.0,151.468,6.6
1991-03-01,4881.0,911.0,105.8,4.869071729774468,598.0,61.8,6035.178,63.9,5005.8,105.2613,66.3,120000.0,9.5,7.3,678.0,921.0,8.1,151.138,6.8
1991-04-01,4842.0,916.0,106.3,4.874433672915854,587.6,62.0,6126.862,63.9,5034.3,104.176,66.4,119900.0,9.4925,7.3,670.0,1001.0,8.7,151.13,6.7
1991-05-01,4800.0,991.0,106.7,4.874433672915854,584.8,61.6,6126.862,63.9,5055.9,104.1175,66.2,119900.0,9.472,7.0,662.0,996.0,8.5,151.528,6.9
1991-06-01,4782.0,964.0,106.6,4.874433672915854,579.9,61.7,6126.862,63.9,5090.8,105.9744,66.2,119900.0,9.615,7.0,654.0,1036.0,9.0,151.986,6.9
1991-07-01,4752.0,973.0,106.4,4.874433672915854,574.1,61.6,6205.937,64.2,5087.0,107.988,66.1,120000.0,9.575,7.1,652.0,1063.0,8.4,152.164,6.8
1991-08-01,4733.0,944.0,106.2,4.874433672915854,569.3,61.5,6205.937,64.2,5108.4,107.1435,66.0,120000.0,9.244,6.8,651.0,1049.0,8.7,152.218,6.9
1991-09-01,4728.0,974.0,105.4,4.911183215124596,568.2,61.6,6205.937,64.2,5141.5,108.3246,66.2,120000.0,9.0075,7.4,633.0,1015.0,8.9,152.386,6.9
1991-10-01,4698.0,991.0,105.5,4.893352133481524,563.3,61.5,6264.54,64.2,5157.7,108.7024,66.1,120000.0,8.855,6.7,630.0,1079.0,9.4,152.148,7.0
1991-11-01,4640.0,984.0,105.0,4.893352133481524,558.2,61.4,6264.54,64.2,5177.0,103.8766,66.1,120000.0,8.712,6.2,636.0,1103.0,9.1,152.024,7.0
1991-12-01,4647.0,1061.0,104.9,4.893352133481524,554.8,61.2,6264.54,64.2,5233.0,108.3124,66.0,120000.0,8.4975,6.2,633.0,1079.0,9.8,152.112,7.3
1992-01-01,4667.0,1077.0,106.1,4.893352133481524,551.4,61.5,6363.102,64.0,5264.8,111.4657,66.3,119500.0,8.432,5.2,639.0,1176.0,9.5,152.174,7.3
1992-02-01,4612.0,1146.0,105.8,4.893352133481524,545.6,61.3,6363.102,64.0,5303.2,110.439,66.2,119500.0,8.7625,4.9,630.0,1250.0,9.8,152.312,7.4
1992-03-01,4621.0,1082.0,105.4,4.893352133481524,544.7,61.5,6363.102,64.0,5323.8,110.438,66.4,119500.0,8.935,6.1,656.0,1297.0,9.7,152.556,7.4
1992-04-01,4603.0,1054.0,105.2,4.893352133481524,542.6,61.6,6470.763,63.9,5357.4,113.3044,66.5,120000.0,8.8525,6.1,650.0,1099.0,9.8,152.694,7.4
1992-05-01,4605.0,1056.0,105.5,4.893352133481524,542.6,61.5,6470.763,63.9,5392.4,113.5843,66.6,120000.0,8.672,6.0,650.0,1214.0,9.8,152.798,7.6
1992-06-01,4584.0,1057.0,105.4,4.893352133481524,542.7,61.5,6470.763,63.9,5424.0,112.737,66.7,120000.0,8.51,5.6,644.0,1145.0,10.0,152.664,7.8
1992-07-01,4570.0,1089.0,105.0,4.893352133481524,546.7,61.6,6566.641,64.3,5437.1,112.1383,66.7,120000.0,8.128,5.3,629.0,1139.0,9.5,152.528,7.7
1992-08-01,4581.0,1075.0,105.1,4.893352133481524,553.0,61.6,6566.641,64.3,5465.1,111.8263,66.6,120000.0,7.975,5.2,635.0,1226.0,9.6,152.46200000000002,7.6
1992-09-01,4584.0,1114.0,104.8,4.893352133481524,556.9,61.4,6566.641,64.3,5452.8,112.6484,66.5,120000.0,7.9225,5.0,638.0,1186.0,8.6,152.47799999999998,7.6
1992-10-01,4600.0,1132.0,105.4,4.893352133481524,558.0,61.3,6680.803,64.4,5444.9,114.3146,66.2,126000.0,8.088,5.1,643.0,1244.0,7.9,152.754,7.3
1992-11-01,4606.0,1118.0,105.5,4.893352133481524,560.0,61.4,6680.803,64.4,5467.4,104.542,66.3,126000.0,8.305,5.4,641.0,1214.0,7.9,153.116,7.4
1992-12-01,4630.0,1176.0,105.4,4.893352133481524,560.2,61.4,6680.803,64.4,5676.8,104.9759,66.3,126000.0,8.206,5.0,638.0,1227.0,10.5,153.34799999999998,7.4
1993-01-01,4664.0,1177.0,106.2,4.893352133481524,563.4,61.4,6729.459,64.2,5534.1,104.6167,66.2,125000.0,7.9925,5.4,636.0,1210.0,8.5,153.56799999999998,7.3
1993-02-01,4714.0,1148.0,106.8,4.893352133481524,568.1,61.4,6729.459,64.2,5568.0,104.4493,66.2,125000.0,7.6825,5.3,640.0,1210.0,8.8,153.674,7.1
1993-03-01,4676.0,1056.0,107.0,4.893352133481524,570.5,61.5,6729.459,64.2,5565.0,102.9615,66.2,125000.0,7.495,5.4,633.0,1083.0,8.8,153.734,7.0
1993-04-01,4690.0,1104.0,111.2,4.9037921984782065,575.2,61.5,6808.939,64.4,5621.8,104.3104,66.1,127000.0,7.472,4.7,636.0,1258.0,8.7,153.872,7.1
1993-05-01,4753.0,1112.0,111.7,4.921439715291784,582.4,61.7,6808.939,64.4,5637.9,107.9121,66.4,127000.0,7.465,5.3,648.0,1260.0,8.2,154.07399999999998,7.1
1993-06-01,4760.0,1130.0,111.9,4.921439715291784,582.3,61.8,6808.939,64.4,5632.9,108.1358,66.5,127000.0,7.4175,5.2,654.0,1280.0,7.7,154.486,7.0
1993-07-01,4783.0,1174.0,111.6,4.921439715291784,582.9,61.8,6882.098,64.7,5660.1,109.5383,66.4,127000.0,7.206,5.3,663.0,1254.0,7.5,154.858,6.9
1993-08-01,4806.0,1230.0,112.6,4.921439715291784,582.8,62.0,6882.098,64.7,5682.0,110.2556,66.4,127000.0,7.1125,5.5,665.0,1300.0,7.6,155.226,6.8
1993-09-01,4823.0,1251.0,112.7,4.921439715291784,586.3,61.7,6882.098,64.7,5675.1,109.121,66.2,127000.0,6.915,4.9,677.0,1343.0,6.8,155.59,6.7
1993-10-01,4868.0,1287.0,113.2,4.921439715291784,591.1,61.8,7013.738,64.6,5669.1,109.8777,66.3,127000.0,6.834,5.0,687.0,1392.0,6.2,155.884,6.8
1993-11-01,4887.0,1357.0,113.4,4.921439715291784,599.3,61.9,7013.738,64.6,5694.4,112.0146,66.3,127000.0,7.155,4.8,695.0,1376.0,6.2,156.296,6.6
1993-12-01,4925.0,1461.0,113.4,4.921439715291784,607.1,62.0,7013.738,64.6,5893.8,112.6733,66.4,127000.0,7.172,4.5,703.0,1533.0,9.0,156.65200000000002,6.5
1994-01-01,4940.0,1390.0,113.9,4.921439715291784,614.1,62.2,7115.652,63.8,5779.0,106.0954,66.6,130000.0,7.06,5.9,709.0,1272.0,7.0,157.18200000000002,6.6
1994-02-01,4923.0,1269.0,114.5,4.921439715291784,609.4,62.3,7115.652,63.8,5798.0,105.0822,66.6,130000.0,7.1525,5.0,716.0,1337.0,6.4,157.454,6.6
1994-03-01,4990.0,1342.0,115.3,4.920710586568268,620.4,62.1,7115.652,63.8,5829.4,116.9048,66.5,130000.0,7.675,4.8,732.0,1564.0,6.7,157.71200000000002,6.5
1994-04-01,5047.0,1392.0,117.7,4.920710586568268,622.1,62.3,7246.931,63.8,5890.5,116.956,66.5,130000.0,8.316,5.2,740.0,1465.0,6.3,157.976,6.4
1994-05-01,5084.0,1396.0,118.4,4.920710586568268,625.4,62.5,7246.931,63.8,5911.1,119.7682,66.6,130000.0,8.5975,5.3,749.0,1526.0,7.5,158.444,6.1
1994-06-01,5097.0,1357.0,119.5,4.943782987108415,627.6,62.3,7246.931,63.8,5917.5,118.8258,66.4,130000.0,8.3975,6.2,757.0,1409.0,6.8,158.846,6.1
1994-07-01,5125.0,1335.0,119.6,4.943782987108415,630.0,62.3,7331.075,64.1,5946.4,117.5506,66.4,129700.0,8.614,6.3,764.0,1439.0,6.9,159.19,6.1
1994-08-01,5139.0,1377.0,120.7,4.943782987108415,631.9,62.6,7331.075,64.1,5968.7,119.2109,66.6,129700.0,8.5125,6.1,773.0,1450.0,6.4,159.564,6.0
1994-09-01,5175.0,1412.0,121.0,4.943782987108415,633.2,62.7,7331.075,64.1,6001.5,121.4776,66.6,129700.0,8.64,6.0,774.0,1474.0,6.7,159.838,5.9
1994-10-01,5177.0,1397.0,121.5,4.943782987108415,634.5,62.9,7455.288,64.2,6065.3,118.9145,66.7,132000.0,8.925,5.6,775.0,1450.0,7.0,160.13,5.8
1994-11-01,5210.0,1340.0,121.4,4.943782987108415,632.4,63.0,7455.288,64.2,6075.4,123.8681,66.7,132000.0,9.17,6.3,785.0,1511.0,6.9,160.3,5.6
1994-12-01,5226.0,1396.0,121.3,4.943782987108415,633.1,63.1,7455.288,64.2,6108.1,128.9246,66.7,132000.0,9.198,6.6,784.0,1455.0,7.0,160.592,5.5
1995-01-01,5234.0,1282.0,122.5,4.943782987108415,633.2,63.0,7522.289,64.2,6148.6,126.5968,66.8,130000.0,9.1475,6.8,783.0,1407.0,7.3,160.85399999999998,5.6
1995-02-01,5192.0,1254.0,123.2,4.943782987108415,630.1,63.1,7522.289,64.2,6173.3,124.8849,66.8,130000.0,8.8275,7.3,793.0,1316.0,7.7,161.056,5.4
1995-03-01,5242.0,1226.0,123.2,4.943782987108415,630.4,63.1,7522.289,64.2,6200.3,127.4955,66.7,130000.0,8.462,6.8,771.0,1249.0,7.4,161.19799999999998,5.4
1995-04-01,5252.0,1259.0,128.0,4.943782987108415,629.5,63.1,7580.997,64.7,6223.9,122.7703,66.9,133900.0,8.32,6.7,761.0,1267.0,6.8,161.322,5.8
1995-05-01,5220.0,1271.0,128.6,4.943782987108415,628.0,62.7,7580.997,64.7,6238.3,119.6881,66.5,133900.0,7.955,6.3,758.0,1314.0,7.0,161.408,5.6
1995-06-01,5250.0,1305.0,128.5,4.951592753462473,626.1,62.7,7580.997,64.7,6267.4,124.2416,66.5,133900.0,7.566,5.8,759.0,1281.0,6.5,161.57,5.6
1995-07-01,5262.0,1354.0,128.8,4.951592753462473,626.0,62.8,7683.125,65.0,6296.3,124.9272,66.6,132000.0,7.6075,5.6,762.0,1461.0,6.9,161.876,5.7
1995-08-01,5286.0,1386.0,128.8,4.951592753462473,627.5,62.8,7683.125,65.0,6319.0,125.634,66.6,132000.0,7.86,6.1,774.0,1416.0,6.6,162.22,5.7
1995-09-01,5324.0,1421.0,129.0,4.951592753462473,629.9,62.9,7683.125,65.0,6347.7,126.1997,66.6,132000.0,7.636,6.3,780.0,1369.0,6.6,162.614,5.6
1995-10-01,5353.0,1400.0,128.8,4.951592753462473,634.2,62.9,7772.586,65.1,6373.5,128.0076,66.6,138000.0,7.475,6.3,781.0,1369.0,7.0,162.964,5.5
1995-11-01,5358.0,1430.0,128.8,4.951592753462473,637.5,62.8,7772.586,65.1,6394.0,127.8461,66.5,138000.0,7.3775,6.8,786.0,1452.0,6.4,163.238,5.6
1995-12-01,5344.0,1442.0,128.5,4.951592753462473,638.6,62.7,7772.586,65.1,6417.8,126.2146,66.4,138000.0,7.2,6.4,799.0,1431.0,6.0,163.474,5.6
1996-01-01,5355.0,1387.0,128.5,4.951592753462473,642.0,62.7,7868.468,65.1,6453.9,123.7242,66.4,137000.0,7.03,6.4,803.0,1467.0,6.5,163.668,5.6
1996-02-01,5415.0,1420.0,129.2,4.951592753462473,647.0,62.9,7868.468,65.1,6517.8,124.1369,66.6,137000.0,7.075,5.3,793.0,1491.0,6.6,163.90599999999998,5.5
1996-03-01,5446.0,1437.0,129.2,4.951592753462473,650.1,63.0,7868.468,65.1,6560.4,123.1088,66.6,137000.0,7.624,6.2,814.0,1424.0,6.4,164.388,5.5
1996-04-01,5474.0,1463.0,132.3,4.951592753462473,654.9,63.0,8032.84,65.4,6597.3,130.1377,66.7,139900.0,7.925,6.0,827.0,1516.0,5.5,164.842,5.6
1996-05-01,5498.0,1457.0,133.7,4.951592753462473,658.7,63.0,8032.84,65.4,6637.3,130.1725,66.7,139900.0,8.07,5.9,832.0,1504.0,6.5,165.22,5.6
1996-06-01,5534.0,1429.0,133.8,4.951592753462473,663.3,63.2,8032.84,65.4,6681.3,129.1709,66.7,139900.0,8.32,6.0,826.0,1467.0,6.9,165.50400000000002,5.3
1996-07-01,5557.0,1450.0,133.9,4.951592753462473,664.6,63.3,8131.408,65.6,6681.6,128.2446,66.9,140000.0,8.245,5.7,824.0,1472.0,6.5,165.858,5.5
1996-08-01,5586.0,1413.0,134.2,4.951592753462473,670.6,63.3,8131.408,65.6,6709.4,130.1944,66.7,140000.0,8.002,5.0,820.0,1557.0,6.4,166.172,5.1
1996-09-01,5610.0,1392.0,135.1,4.951592753462473,674.4,63.4,8131.408,65.6,6747.4,126.8553,66.9,140000.0,8.23,5.2,824.0,1475.0,6.4,166.514,5.2
1996-10-01,5643.0,1358.0,135.2,4.951592753462473,676.0,63.5,8259.771,65.4,6768.8,128.816,67.0,144100.0,7.915,5.6,821.0,1392.0,6.1,166.75400000000002,5.2
1996-11-01,5668.0,1412.0,135.2,4.951592753462473,679.7,63.4,8259.771,65.4,6802.4,126.1401,67.0,144100.0,7.618,5.2,829.0,1489.0,6.2,167.106,5.4
1996-12-01,5675.0,1411.0,134.8,4.951592753462473,681.2,63.4,8259.771,65.4,6836.6,124.1316,67.0,144100.0,7.5975,5.0,814.0,1370.0,6.1,167.44400000000002,5.4
1997-01-01,5675.0,1382.0,135.2,4.951592753462473,684.6,63.4,8362.655,65.4,6884.8,125.2006,67.0,145000.0,7.824,4.7,817.0,1355.0,5.9,167.912,5.3
1997-02-01,5722.0,1445.0,135.5,4.951592753462473,687.8,63.4,8362.655,65.4,6920.9,132.4098,66.9,145000.0,7.65,4.5,810.0,1486.0,6.0,168.362,5.2
1997-03-01,5751.0,1436.0,135.2,4.951592753462473,695.3,63.6,8362.655,65.4,6960.8,137.0678,67.1,145000.0,7.8975,4.1,808.0,1457.0,6.1,168.90599999999998,5.2
1997-04-01,5764.0,1421.0,137.9,4.951592753462473,692.3,63.7,8518.825,65.7,6972.8,136.4713,67.1,145800.0,8.1425,4.7,810.0,1492.0,6.2,169.24599999999998,5.1
1997-05-01,5793.0,1414.0,138.2,4.951592753462473,690.8,63.8,8518.825,65.7,7001.3,134.0933,67.1,145800.0,7.944,4.6,816.0,1442.0,6.5,169.72400000000002,4.9
1997-06-01,5793.0,1402.0,138.9,4.951592753462473,690.5,63.7,8518.825,65.7,7035.8,135.5394,67.1,145800.0,7.69,4.4,826.0,1494.0,6.3,170.16,5.0
1997-07-01,5817.0,1440.0,139.1,4.951592753462473,693.6,63.9,8662.823,66.0,7071.7,138.2605,67.2,145000.0,7.4975,4.4,836.0,1437.0,5.8,170.662,4.9
1997-08-01,5846.0,1449.0,139.5,4.952299717083292,695.1,63.9,8662.823,66.0,7119.4,138.4137,67.2,145000.0,7.48,4.3,836.0,1390.0,5.7,171.146,4.8
1997-09-01,5874.0,1494.0,139.2,4.952299717083292,695.7,63.9,8662.823,66.0,7158.1,143.5012,67.1,145000.0,7.43,4.2,846.0,1546.0,5.9,171.702,4.9
1997-10-01,5883.0,1499.0,139.5,4.952299717083292,696.7,63.9,8765.907,65.7,7205.1,143.0334,67.1,144200.0,7.294,4.3,858.0,1520.0,5.9,172.294,4.7
1997-11-01,5899.0,1469.0,139.2,4.952299717083292,700.0,64.1,8765.907,65.7,7257.0,140.3559,67.2,144200.0,7.205,3.9,865.0,1510.0,6.1,173.266,4.6
1997-12-01,5938.0,1456.0,139.3,4.952299717083292,703.4,64.0,8765.907,65.7,7300.0,140.801,67.2,144200.0,7.095,4.4,872.0,1566.0,6.1,174.18599999999998,4.7
1998-01-01,5983.0,1555.0,139.3,4.952299717083292,704.1,64.0,8866.48,65.9,7368.9,143.4028,67.1,152200.0,6.994,4.0,886.0,1525.0,7.0,175.23,4.6
1998-02-01,5997.0,1647.0,139.6,4.955122584165997,704.2,64.0,8866.48,65.9,7416.5,139.0929,67.1,152200.0,7.0425,3.9,896.0,1584.0,7.0,176.00599999999997,4.6
1998-03-01,5969.0,1605.0,139.8,4.955122584165997,708.3,64.0,8866.48,65.9,7464.0,137.3363,67.1,152200.0,7.1275,4.1,905.0,1567.0,7.1,176.88400000000001,4.7
1998-04-01,6049.0,1547.0,144.0,4.955122584165997,712.9,64.1,8969.699,66.0,7501.7,138.0548,67.0,149500.0,7.14,4.0,906.0,1540.0,6.9,177.75799999999998,4.3
1998-05-01,6087.0,1554.0,144.3,4.955827057601261,718.5,64.1,8969.699,66.0,7547.0,139.0633,67.0,149500.0,7.144,3.9,912.0,1536.0,6.6,178.72799999999998,4.4
1998-06-01,6130.0,1551.0,145.5,4.955827057601261,725.9,64.0,8969.699,66.0,7584.4,138.7419,67.0,149500.0,6.9975,3.8,927.0,1641.0,6.5,179.69,4.5
1998-07-01,6172.0,1610.0,146.1,4.955827057601261,731.3,64.0,9121.097,66.8,7616.9,141.7337,67.0,153000.0,6.952,4.0,938.0,1698.0,6.6,180.62,4.5
1998-08-01,6215.0,1654.0,146.4,4.955827057601261,739.2,63.9,9121.097,66.8,7656.2,139.1771,67.0,153000.0,6.9225,4.1,941.0,1614.0,6.5,181.572,4.5
1998-09-01,6225.0,1577.0,146.5,4.955827057601261,739.4,64.2,9121.097,66.8,7678.1,141.3677,67.2,153000.0,6.7225,4.1,952.0,1582.0,6.1,182.516,4.6
1998-10-01,6262.0,1719.0,146.4,4.955827057601261,745.3,64.1,9293.991,66.4,7708.8,138.9738,67.2,153000.0,6.71,4.0,972.0,1715.0,5.9,183.434,4.5
1998-11-01,6301.0,1672.0,146.5,4.955827057601261,748.7,64.2,9293.991,66.4,7745.7,143.228,67.1,153000.0,6.865,3.5,976.0,1660.0,6.0,184.398,4.4
1998-12-01,6378.0,1742.0,146.5,4.955827057601261,754.7,64.3,9293.991,66.4,7771.8,149.91,67.2,153000.0,6.738,3.8,1003.0,1792.0,5.5,185.424,4.4
1999-01-01,6357.0,1732.0,147.4,4.966335035199676,764.5,64.4,9411.682,66.7,7813.1,143.0987,67.2,157400.0,6.785,3.9,973.0,1748.0,6.1,186.416,4.3
1999-02-01,6429.0,1720.0,147.5,4.973279507552487,773.9,64.2,9411.682,66.7,7840.9,146.9786,67.2,157400.0,6.8075,4.0,989.0,1670.0,6.0,187.344,4.4
1999-03-01,6402.0,1665.0,148.0,4.973279507552487,778.0,64.2,9411.682,66.7,7855.9,140.1138,67.0,157400.0,7.04,4.1,994.0,1710.0,5.6,188.436,4.2
1999-04-01,6480.0,1600.0,149.1,4.9621450849358215,783.6,64.2,9526.21,66.6,7871.1,135.8202,67.1,158700.0,6.916,3.9,991.0,1553.0,4.7,189.57,4.3
1999-05-01,6516.0,1640.0,149.9,4.9614450499054845,792.2,64.3,9526.21,66.6,7894.2,133.8325,67.1,158700.0,7.145,4.0,989.0,1611.0,4.4,190.688,4.2
1999-06-01,6547.0,1702.0,149.9,4.963543686562405,798.5,64.2,9526.21,66.6,7925.1,133.9478,67.1,158700.0,7.55,3.9,981.0,1559.0,4.3,191.95,4.3
1999-07-01,6571.0,1682.0,149.7,4.963543686562405,803.7,64.2,9686.626,67.0,7965.8,131.7943,67.1,159100.0,7.632,4.0,983.0,1669.0,4.4,193.184,4.3
1999-08-01,6586.0,1671.0,149.8,4.963543686562405,806.1,64.2,9686.626,67.0,8016.9,133.2683,67.0,159100.0,7.9425,4.0,989.0,1648.0,4.3,194.438,4.2
1999-09-01,6613.0,1551.0,149.8,4.963543686562405,810.0,64.2,9686.626,67.0,8041.2,131.4058,67.0,159100.0,7.8225,4.5,983.0,1635.0,3.7,195.726,4.2
1999-10-01,6640.0,1649.0,149.5,4.964242254526545,811.5,64.3,9900.169,66.9,8102.4,136.7582,67.0,165300.0,7.852,4.2,983.0,1608.0,4.0,197.046,4.1
1999-11-01,6687.0,1672.0,149.4,4.964242254526545,819.6,64.4,9900.169,66.9,8165.3,148.7383,67.1,165300.0,7.7375,4.3,983.0,1648.0,4.1,198.308,4.1
1999-12-01,6709.0,1683.0,149.0,4.964242254526545,822.8,64.4,9900.169,66.9,8251.2,148.3553,67.1,165300.0,7.912,4.3,983.0,1708.0,3.7,199.69,4.0
2000-01-01,6752.0,1727.0,149.1,4.964242254526545,832.5,64.6,10002.179,67.1,8348.0,144.613,67.3,165300.0,8.21,4.3,991.0,1636.0,4.5,201.102,4.0
2000-02-01,6730.0,1692.0,148.3,4.967727793084979,834.3,64.6,10002.179,67.1,8408.8,143.9732,67.3,165300.0,8.325,4.3,998.0,1737.0,4.0,202.678,4.1
2000-03-01,6811.0,1651.0,148.1,4.967727793084979,843.2,64.6,10002.179,67.1,8468.3,151.6946,67.3,165300.0,8.24,4.3,988.0,1604.0,3.8,204.254,4.0
2000-04-01,6794.0,1597.0,148.6,4.967727793084979,834.0,64.7,10247.72,67.2,8506.8,142.1024,67.3,163200.0,8.1525,4.4,989.0,1626.0,4.3,205.844,3.8
2000-05-01,6770.0,1543.0,149.1,5.005287687769661,827.9,64.4,10247.72,67.2,8544.5,143.7562,67.1,163200.0,8.515,4.4,985.0,1575.0,4.3,207.356,4.0
2000-06-01,6778.0,1572.0,149.3,4.971894465779825,826.7,64.5,10247.72,67.2,8597.8,140.99,67.1,163200.0,8.288,4.8,982.0,1559.0,4.3,208.848,4.0
2000-07-01,6794.0,1542.0,149.3,4.971894465779825,828.9,64.2,10318.165,67.7,8665.3,140.54,66.9,168800.0,8.1475,4.1,979.0,1463.0,4.7,210.108,4.0
2000-08-01,6796.0,1552.0,148.8,4.971894465779825,822.2,64.2,10318.165,67.7,8712.2,144.0,66.9,168800.0,8.0275,4.4,976.0,1541.0,4.8,211.536,4.1
2000-09-01,6807.0,1570.0,148.6,4.971894465779825,818.2,64.2,10318.165,67.7,8757.7,142.1897,66.9,168800.0,7.912,4.0,970.0,1507.0,4.1,213.076,3.9
2000-10-01,6814.0,1577.0,148.4,4.971894465779825,813.2,64.2,10435.744,67.5,8792.1,143.4779,66.8,172900.0,7.795,4.0,972.0,1549.0,4.3,214.764,3.9
2000-11-01,6817.0,1614.0,148.6,4.971894465779825,805.8,64.3,10435.744,67.5,8809.9,137.4387,66.9,172900.0,7.745,4.2,970.0,1551.0,4.3,216.604,3.9
2000-12-01,6792.0,1543.0,147.5,4.971201224850849,797.2,64.4,10435.744,67.5,8844.0,130.5541,67.0,172900.0,7.382,3.6,969.0,1532.0,4.1,218.28,3.9
2001-01-01,6824.0,1699.0,148.3,4.971201224850849,782.8,64.4,10470.231,67.5,8940.9,139.6751,67.2,169800.0,7.0325,3.8,986.0,1600.0,4.5,219.692,4.2
2001-02-01,6841.0,1656.0,148.0,4.971201224850849,781.8,64.3,10470.231,67.5,8975.8,143.9848,67.1,169800.0,7.05,3.7,987.0,1625.0,4.6,221.0,4.2
2001-03-01,6862.0,1659.0,147.4,4.971201224850849,775.5,64.3,10470.231,67.5,9009.4,147.6021,67.2,169800.0,6.952,3.8,1001.0,1590.0,4.9,222.218,4.3
2001-04-01,6844.0,1666.0,148.9,4.997212273764115,772.8,64.0,10599.0,67.7,9008.9,152.7133,66.9,179000.0,7.0775,3.9,1007.0,1649.0,4.8,223.304,4.4
2001-05-01,6849.0,1665.0,148.8,5.005957704545144,775.0,63.8,10599.0,67.7,9011.1,149.6911,66.7,179000.0,7.145,4.0,1015.0,1605.0,4.3,224.328,4.3
2001-06-01,6840.0,1626.0,148.6,5.005957704545144,779.6,63.7,10599.0,67.7,9017.1,147.0751,66.7,179000.0,7.16,4.2,1013.0,1636.0,4.2,225.592,4.5
2001-07-01,6845.0,1598.0,149.1,5.005957704545144,781.6,63.7,10598.02,68.1,9014.6,147.7865,66.8,172500.0,7.1275,4.2,1017.0,1670.0,5.4,226.982,4.6
2001-08-01,6827.0,1615.0,149.1,5.005957704545144,781.8,63.2,10598.02,68.1,9001.4,145.3626,66.5,172500.0,6.95,4.4,1011.0,1567.0,6.5,228.334,4.9
2001-09-01,6813.0,1565.0,149.1,5.005957704545144,782.9,63.5,10598.02,68.1,8975.3,143.2876,66.8,172500.0,6.8175,4.4,1014.0,1562.0,6.9,229.624,5.0
2001-10-01,6804.0,1566.0,149.4,5.005957704545144,785.9,63.2,10660.465,68.0,8987.3,146.5655,66.7,171100.0,6.6175,4.3,1008.0,1540.0,2.9,230.62,5.3
2001-11-01,6784.0,1651.0,149.1,5.005957704545144,787.2,63.0,10660.465,68.0,8985.1,151.3362,66.7,171100.0,6.658,4.1,1011.0,1602.0,3.4,231.714,5.5
2001-12-01,6785.0,1680.0,149.0,5.005957704545144,789.2,62.9,10660.465,68.0,8990.7,149.4688,66.7,171100.0,7.065,3.8,996.0,1568.0,3.7,232.91,5.7
2002-01-01,6775.0,1665.0,148.8,5.005957704545144,785.8,62.7,10783.5,67.8,9015.6,154.1368,66.5,188700.0,6.9975,4.2,996.0,1698.0,5.6,234.288,5.7
2002-02-01,6766.0,1787.0,148.4,5.005957704545144,794.9,63.0,10783.5,67.8,9031.9,153.3106,66.8,188700.0,6.8925,4.0,1005.0,1829.0,5.4,235.69,5.7
2002-03-01,6755.0,1691.0,147.9,5.001258132283659,798.8,62.8,10783.5,67.8,9050.7,144.7966,66.6,188700.0,7.014,4.1,1013.0,1642.0,5.5,237.374,5.7
2002-04-01,6710.0,1669.0,151.8,5.011301738639416,796.8,62.7,10887.46,67.6,9099.9,142.7707,66.7,187200.0,6.985,4.3,1011.0,1592.0,5.4,239.222,5.9
2002-05-01,6684.0,1716.0,152.2,5.011301738639416,799.3,62.9,10887.46,67.6,9131.0,141.9094,66.7,187200.0,6.806,4.0,1019.0,1764.0,6.1,241.448,5.8
2002-06-01,6701.0,1758.0,151.9,5.01396308418893,798.7,62.7,10887.46,67.6,9164.8,144.8674,66.6,187200.0,6.65,4.2,1023.0,1717.0,6.1,243.626,5.8
2002-07-01,6688.0,1738.0,151.9,5.01396308418893,800.8,62.7,10984.04,68.0,9157.5,143.1601,66.5,178100.0,6.485,4.2,1029.0,1655.0,5.3,245.776,5.8
2002-08-01,6701.0,1695.0,152.7,5.01396308418893,807.1,62.7,10984.04,68.0,9175.3,142.5233,66.6,178100.0,6.29,4.0,1013.0,1633.0,5.2,247.66,5.7
2002-09-01,6702.0,1803.0,152.6,5.01396308418893,809.4,63.0,10984.04,68.0,9197.1,144.0017,66.7,178100.0,6.0925,3.9,1024.0,1804.0,5.8,249.56,5.7
2002-10-01,6689.0,1799.0,152.6,5.01396308418893,810.5,62.7,11061.433,68.3,9229.6,140.5239,66.6,190100.0,6.1125,4.0,1026.0,1648.0,5.6,251.47,5.7
2002-11-01,6713.0,1771.0,152.0,5.01396308418893,826.7,62.5,11061.433,68.3,9258.8,141.7779,66.4,190100.0,6.068,4.0,1031.0,1753.0,5.6,253.34,5.9
2002-12-01,6700.0,1896.0,151.0,5.01396308418893,816.8,62.4,11061.433,68.3,9288.3,136.1994,66.3,190100.0,6.0475,4.0,1033.0,1788.0,5.3,255.248,6.0
2003-01-01,6704.0,1808.0,151.0,5.01396308418893,817.8,62.5,11174.129,68.0,9290.1,145.7576,66.4,186000.0,5.916,4.0,1049.0,1853.0,5.3,256.922,5.8
2003-02-01,6667.0,1854.0,151.1,5.026508643252546,817.7,62.5,11174.129,68.0,9296.2,130.6707,66.4,186000.0,5.8425,4.5,1044.0,1629.0,5.2,258.71,5.9
2003-03-01,6654.0,1757.0,151.1,5.03500265054455,821.1,62.4,11174.129,68.0,9333.8,139.9231,66.3,186000.0,5.745,4.1,1044.0,1726.0,4.9,260.296,5.9
2003-04-01,6689.0,1803.0,150.7,5.039546637590676,828.9,62.4,11312.766,68.0,9356.4,143.4302,66.4,191800.0,5.8125,4.1,1043.0,1643.0,5.0,261.768,6.0
2003-05-01,6706.0,1835.0,151.1,5.039546637590676,829.0,62.3,11312.766,68.0,9414.4,143.716,66.4,191800.0,5.484,3.9,1047.0,1751.0,5.3,263.47,6.1
2003-06-01,6723.0,1875.0,151.2,5.039546637590676,836.9,62.3,11312.766,68.0,9455.3,146.5043,66.5,191800.0,5.23,3.5,1064.0,1867.0,5.1,265.298,6.3
2003-07-01,6735.0,1885.0,151.0,5.039546637590676,836.7,62.1,11566.669,68.4,9491.6,151.803,66.2,191900.0,5.6325,3.6,1078.0,1897.0,5.9,267.55400000000003,6.2
2003-08-01,6760.0,1966.0,150.6,5.039546637590676,840.2,62.1,11566.669,68.4,9538.8,152.498,66.1,191900.0,6.264,3.5,1102.0,1833.0,5.7,269.938,6.1
2003-09-01,6783.0,1961.0,150.2,5.039546637590676,850.2,62.0,11566.669,68.4,9582.5,154.9852,66.1,191900.0,6.1475,3.8,1121.0,1939.0,4.9,272.58799999999997,6.1
2003-10-01,6784.0,2012.0,149.6,5.039546637590676,854.6,62.1,11772.234,68.6,9620.4,162.1132,66.1,198800.0,5.952,3.8,1135.0,1967.0,5.0,275.062,6.0
2003-11-01,6796.0,1918.0,149.5,5.039546637590676,858.5,62.3,11772.234,68.6,9688.2,156.7902,66.1,198800.0,5.9325,4.1,1158.0,2083.0,5.0,277.58799999999997,5.8
2003-12-01,6827.0,1987.0,149.4,5.039546637590676,863.3,62.2,11772.234,68.6,9713.2,160.271,65.9,198800.0,5.876,4.0,1183.0,2057.0,5.0,280.358,5.7
2004-01-01,6848.0,1952.0,149.4,5.039546637590676,866.4,62.3,11923.447,68.6,9731.8,152.7907,66.1,212700.0,5.7125,3.8,1191.0,1911.0,4.6,283.29200000000003,5.7
2004-02-01,6838.0,1966.0,149.5,5.039546637590676,867.3,62.3,11923.447,68.6,9765.4,149.9506,66.0,212700.0,5.635,3.7,1197.0,1846.0,4.6,286.384,5.6
2004-03-01,6887.0,2066.0,150.2,5.039546637590676,875.7,62.2,11923.447,68.6,9815.8,169.2419,66.0,212700.0,5.445,3.6,1219.0,1998.0,4.5,290.118,5.8
2004-04-01,6901.0,2070.0,152.1,5.047288611744291,876.2,62.3,12112.815,69.2,9865.8,170.912,65.9,217600.0,5.83,4.0,1222.0,2003.0,4.9,293.186,5.6
2004-05-01,6948.0,2150.0,153.6,5.047288611744291,890.8,62.3,12112.815,69.2,9950.0,166.8739,66.0,217600.0,6.27,3.8,1233.0,1981.0,4.8,296.372,5.6
2004-06-01,6962.0,2020.0,153.9,5.047288611744291,891.3,62.4,12112.815,69.2,9988.4,161.1205,66.1,217600.0,6.2875,3.9,1229.0,1828.0,5.4,299.7,5.6
2004-07-01,6977.0,2112.0,154.4,5.047288611744291,898.6,62.5,12305.307,69.0,10033.0,165.4313,66.1,213500.0,6.056,4.5,1247.0,2002.0,4.7,302.676,5.5
2004-08-01,7003.0,2056.0,157.7,5.047288611744291,903.4,62.4,12305.307,69.0,10078.2,165.3898,66.0,213500.0,5.8675,4.3,1238.0,2024.0,4.7,305.26599999999996,5.4
2004-09-01,7029.0,2041.0,160.4,5.047288611744291,910.4,62.3,12305.307,69.0,10110.5,164.6773,65.8,213500.0,5.754,4.1,1247.0,1905.0,4.1,308.358,5.4
2004-10-01,7077.0,2097.0,160.4,5.047288611744291,918.3,62.3,12527.214,69.2,10159.3,159.7799,65.9,228800.0,5.7225,3.9,1264.0,2072.0,3.9,311.5,5.5
2004-11-01,7091.0,2079.0,161.4,5.047288611744291,923.5,62.5,12527.214,69.2,10171.5,155.9717,66.0,228800.0,5.73,4.3,1268.0,1782.0,3.4,315.05400000000003,5.4
2004-12-01,7117.0,2082.0,161.5,5.047288611744291,927.4,62.4,12527.214,69.2,10520.8,165.2899,65.9,228800.0,5.752,4.1,1280.0,2042.0,6.2,318.66,5.4
2005-01-01,7095.0,2139.0,166.8,5.049856007249537,932.1,62.4,12767.286,69.1,10247.0,162.337,65.8,232500.0,5.71,4.4,1302.0,2144.0,2.7,322.57599999999996,5.3
2005-02-01,7153.0,2114.0,168.8,5.085124146086995,938.0,62.4,12767.286,69.1,10282.7,166.6182,65.9,232500.0,5.6275,4.3,1322.0,2207.0,2.3,326.688,5.4
2005-03-01,7181.0,2062.0,169.0,5.0701612734102826,942.5,62.4,12767.286,69.1,10347.9,164.584,65.9,232500.0,5.928,4.1,1311.0,1864.0,2.5,331.624,5.2
2005-04-01,7266.0,2150.0,171.8,5.094976442530006,947.9,62.7,12922.656,68.6,10412.1,160.4395,66.1,233700.0,5.855,4.3,1324.0,2061.0,2.1,335.00199999999995,5.2
2005-05-01,7294.0,2085.0,172.2,5.094976442530006,953.0,62.8,12922.656,68.6,10464.1,164.6264,66.1,233700.0,5.72,4.2,1322.0,2025.0,2.6,338.702,5.1
2005-06-01,7333.0,2178.0,172.5,5.094976442530006,958.8,62.7,12922.656,68.6,10498.0,164.5805,66.1,233700.0,5.582,4.3,1329.0,2068.0,2.0,342.38,5.0
2005-07-01,7353.0,2203.0,179.0,5.094976442530006,964.7,62.8,13142.642,68.8,10558.3,157.5149,66.1,236400.0,5.695,4.2,1338.0,2054.0,1.4,345.72,5.0
2005-08-01,7394.0,2219.0,179.2,5.094976442530006,964.8,62.9,13142.642,68.8,10619.6,158.9917,66.2,236400.0,5.82,4.5,1356.0,2095.0,2.0,348.884,4.9
2005-09-01,7415.0,2263.0,180.2,5.094976442530006,967.6,62.8,13142.642,68.8,10687.7,160.2513,66.1,236400.0,5.774,4.7,1377.0,2151.0,2.0,352.876,5.0
2005-10-01,7460.0,2170.0,180.3,5.094976442530006,972.8,62.8,13324.204,69.0,10767.3,161.7801,66.1,243600.0,6.065,4.5,1376.0,2065.0,2.3,356.056,5.0
2005-11-01,7524.0,2218.0,180.6,5.094976442530006,985.7,62.7,13324.204,69.0,10815.4,166.926,66.0,243600.0,6.33,5.0,1395.0,2147.0,2.6,359.36,5.0
2005-12-01,7533.0,2120.0,181.3,5.095588999976419,995.7,62.8,13324.204,69.0,10853.1,170.1105,66.0,243600.0,6.272,4.9,1405.0,1994.0,2.5,361.82,4.9
2006-01-01,7601.0,2212.0,191.0,5.120386158055375,1008.1,62.9,13599.16,68.5,11038.6,192.0322,66.0,247700.0,6.145,5.3,1424.0,2273.0,3.0,364.642,4.7
2006-02-01,7664.0,2141.0,191.5,5.129306823813755,1012.7,63.0,13599.16,68.5,11102.6,186.9827,66.1,247700.0,6.2525,6.1,1423.0,2119.0,3.2,366.574,4.8
2006-03-01,7689.0,2118.0,195.3,5.129306823813755,1017.8,63.1,13599.16,68.5,11171.8,174.864,66.2,247700.0,6.324,5.9,1423.0,1969.0,3.3,368.728,4.7
2006-04-01,7726.0,1998.0,196.7,5.132262782217954,1022.0,63.0,13753.424,68.7,11229.5,165.8735,66.1,246300.0,6.5075,6.3,1401.0,1821.0,3.1,368.658,4.7
2006-05-01,7713.0,1905.0,197.6,5.132262782217954,1016.6,63.1,13753.424,68.7,11251.1,160.6514,66.1,246300.0,6.5975,6.2,1409.0,1942.0,2.9,368.312,4.6
2006-06-01,7699.0,1867.0,197.8,5.132262782217954,1007.8,63.1,13753.424,68.7,11292.8,161.3281,66.2,246300.0,6.682,6.3,1383.0,1802.0,2.9,367.014,4.6
2006-07-01,7712.0,1763.0,199.4,5.132262782217954,1007.3,63.0,13870.188,69.0,11322.1,152.8727,66.1,235600.0,6.7625,7.3,1363.0,1737.0,2.3,366.136,4.7
2006-08-01,7720.0,1722.0,200.0,5.132262782217954,1009.2,63.1,13870.188,69.0,11346.8,153.7995,66.2,235600.0,6.524,6.7,1339.0,1650.0,2.5,365.188,4.7
2006-09-01,7718.0,1655.0,201.0,5.132262782217954,1011.6,63.1,13870.188,69.0,11383.9,149.9671,66.1,235600.0,6.4025,6.7,1317.0,1720.0,2.4,365.596,4.5
2006-10-01,7682.0,1570.0,201.0,5.132262782217954,1005.8,63.3,14039.56,68.9,11417.8,151.0867,66.2,245400.0,6.3575,7.3,1283.0,1491.0,2.4,366.396,4.4
2006-11-01,7666.0,1535.0,200.9,5.132262782217954,996.0,63.3,14039.56,68.9,11479.3,153.3176,66.3,245400.0,6.24,6.6,1265.0,1570.0,2.7,367.218,4.5
2006-12-01,7685.0,1638.0,200.8,5.132262782217954,989.5,63.4,14039.56,68.9,11587.6,167.7527,66.4,245400.0,6.135,6.5,1247.0,1649.0,2.6,368.278,4.4
2007-01-01,7725.0,1626.0,206.3,5.155601064346442,982.5,63.3,14215.651,68.4,11647.1,159.9997,66.4,257400.0,6.2175,7.2,1217.0,1409.0,2.4,369.034,4.6
2007-02-01,7626.0,1598.0,204.3,5.15675380222625,977.3,63.3,14215.651,68.4,11734.2,153.1247,66.3,257400.0,6.285,7.9,1206.0,1480.0,2.8,369.196,4.5
2007-03-01,7706.0,1596.0,205.1,5.168777995193051,973.2,63.3,14215.651,68.4,11821.4,154.2676,66.2,257400.0,6.156,7.9,1192.0,1495.0,3.0,368.3,4.4
2007-04-01,7686.0,1470.0,210.0,5.2390980068880655,966.8,63.0,14402.082,68.2,11868.1,152.5383,65.9,242200.0,6.18,7.4,1181.0,1490.0,3.0,366.02,4.5
2007-05-01,7673.0,1493.0,209.3,5.2390980068880655,965.1,63.0,14402.082,68.2,11908.7,154.5282,66.0,242200.0,6.262,7.8,1164.0,1415.0,2.8,363.2,4.4
2007-06-01,7687.0,1407.0,208.3,5.2390980068880655,964.0,63.0,14402.082,68.2,11929.2,149.986,66.0,242200.0,6.6575,8.2,1161.0,1448.0,2.7,360.508,4.6
2007-07-01,7660.0,1361.0,208.8,5.2390980068880655,954.4,62.9,14564.117,68.2,11955.7,150.4928,66.0,241800.0,6.695,8.3,1144.0,1354.0,2.6,358.222,4.7
2007-08-01,7610.0,1321.0,208.3,5.2390980068880655,942.1,62.7,14564.117,68.2,11963.1,149.1233,65.8,241800.0,6.572,9.2,1123.0,1330.0,2.2,356.232,4.6
2007-09-01,7577.0,1261.0,210.7,5.2390980068880655,936.5,62.9,14564.117,68.2,12025.5,149.8047,66.0,241800.0,6.3825,9.2,1108.0,1183.0,2.3,355.116,4.7
2007-10-01,7565.0,1192.0,210.2,5.239628370199357,921.6,62.7,14715.058,67.8,12046.8,147.7916,65.8,238400.0,6.375,8.5,1096.0,1264.0,2.2,353.24800000000005,4.7
2007-11-01,7523.0,1224.0,210.1,5.239628370199357,895.0,62.9,14715.058,67.8,12102.8,151.5488,66.0,238400.0,6.208,9.4,1080.0,1197.0,1.9,350.29400000000004,4.7
2007-12-01,7490.0,1149.0,209.1,5.239628370199357,896.4,62.7,14715.058,67.8,12182.7,145.0394,66.0,238400.0,6.095,9.6,1059.0,1037.0,2.4,348.684,5.0
2008-01-01,7476.0,1094.0,208.5,5.241747015059643,886.6,62.9,14706.538,67.8,12227.8,148.6468,66.2,233900.0,5.758,9.3,1041.0,1084.0,2.6,346.264,5.0
2008-02-01,7453.0,1014.0,208.9,5.241747015059643,874.5,62.8,14706.538,67.8,12264.9,145.2225,66.0,233900.0,5.9175,9.7,1025.0,1103.0,3.0,343.082,4.9
2008-03-01,7406.0,967.0,208.9,5.241747015059643,867.3,62.7,14706.538,67.8,12314.7,141.695,66.1,233900.0,5.97,10.25,1014.0,1005.0,2.9,340.106,5.1
2008-04-01,7327.0,1008.0,210.4,5.241747015059643,854.6,62.7,14865.701,68.1,12302.6,141.7131,65.9,235300.0,5.9175,10.25,1009.0,1013.0,2.4,336.676,5.0
2008-05-01,7274.0,995.0,207.7,5.238036435663107,840.8,62.5,14865.701,68.1,12879.3,137.6036,66.1,235300.0,6.036,10.25,991.0,973.0,6.8,333.31800000000004,5.4
2008-06-01,7213.0,1180.0,204.1,5.238036435663107,824.8,62.4,14865.701,68.1,12661.0,134.7346,66.1,235300.0,6.32,10.25,975.0,1046.0,4.6,330.034,5.6
2008-07-01,7160.0,921.0,207.9,5.240158452374504,812.7,62.2,14898.999,67.9,12514.8,135.0042,66.1,226500.0,6.426,10.25,955.0,923.0,3.6,327.132,5.8
2008-08-01,7114.0,858.0,207.9,5.250701512606374,800.3,62.0,14898.999,67.9,12426.0,126.4443,66.1,226500.0,6.4775,10.25,936.0,844.0,3.1,323.974,6.1
2008-09-01,7044.0,797.0,207.5,5.2533200006173,782.5,61.9,14898.999,67.9,12445.0,122.5937,66.0,226500.0,6.0375,10.25,904.0,820.0,3.9,320.616,6.1
2008-10-01,6967.0,736.0,207.8,5.283711214158674,766.4,61.7,14608.209,67.5,12446.5,118.4615,66.0,222500.0,6.2,10.25,876.0,777.0,4.9,316.654,6.5
2008-11-01,6813.0,626.0,207.3,5.283711214158674,747.5,61.4,14608.209,67.5,12387.1,110.4791,65.9,222500.0,6.0875,10.25,842.0,652.0,6.0,312.284,6.8
2008-12-01,6701.0,554.0,206.9,5.283711214158674,732.4,61.0,14608.209,67.5,12238.5,103.7368,65.8,222500.0,5.286,10.25,806.0,560.0,5.8,307.238,7.3
2009-01-01,6567.0,545.0,211.1,5.283711214158674,712.1,60.6,14430.902,67.3,12125.6,95.2495,65.7,208400.0,5.0475,10.25,783.0,490.0,5.9,303.014,7.8
2009-02-01,6446.0,558.0,207.2,5.283711214158674,688.8,60.3,14430.902,67.3,12007.4,97.6872,65.8,208400.0,5.13,10.25,756.0,582.0,5.4,300.03,8.3
2009-03-01,6291.0,513.0,205.1,5.283711214158674,667.1,59.9,14430.902,67.3,11965.3,86.881,65.6,208400.0,5.0025,10.25,717.0,505.0,5.8,297.32,8.7
2009-04-01,6154.0,521.0,209.5,5.283711214158674,655.8,59.8,14381.236,67.4,12009.4,81.9703,65.7,220900.0,4.81,10.25,677.0,478.0,6.5,295.89799999999997,9.0
2009-05-01,6100.0,556.0,207.6,5.2832037287379885,643.9,59.6,14381.236,67.4,12179.6,78.8737,65.7,220900.0,4.8575,9.3,650.0,540.0,7.8,295.388,9.4
2009-06-01,6010.0,601.0,204.9,5.2832037287379885,634.9,59.4,14381.236,67.4,12042.9,78.7749,65.7,220900.0,5.42,8.5,627.0,585.0,6.1,296.18,9.5
2009-07-01,5932.0,595.0,203.1,5.2832037287379885,629.1,59.3,14448.882,67.6,11998.4,79.6953,65.5,214300.0,5.222,7.9,611.0,594.0,5.4,296.82,9.5
2009-08-01,5855.0,616.0,202.1,5.2832037287379885,620.8,59.1,14448.882,67.6,12011.2,77.1998,65.4,214300.0,5.1925,7.5,588.0,586.0,4.4,296.556,9.6
2009-09-01,5787.0,609.0,201.9,5.2832037287379885,612.8,58.7,14448.882,67.6,12061.1,76.367,65.1,214300.0,5.0575,7.8,576.0,585.0,5.5,296.05,9.6
2009-10-01,5716.0,583.0,200.6,5.2832037287379885,606.4,58.5,14651.249,67.2,12069.4,67.7512,65.0,219000.0,4.952,7.4,554.0,534.0,5.1,295.7,9.6
2009-11-01,5696.0,623.0,199.9,5.2832037287379885,602.3,58.6,14651.249,67.2,12129.6,74.3749,65.0,219000.0,4.875,7.6,532.0,588.0,5.5,296.268,9.6
2009-12-01,5654.0,664.0,198.5,5.2832037287379885,596.2,58.3,14651.249,67.2,12188.2,69.8002,64.6,219000.0,4.93,8.0,517.0,581.0,5.4,295.858,9.6
2010-01-01,5580.0,636.0,198.4,5.280662431309316,583.1,58.5,14764.61,67.1,12267.7,68.4778,64.8,222900.0,5.03,8.1,501.0,614.0,5.6,294.79200000000003,9.6
2010-02-01,5500.0,650.0,197.9,5.280662431309316,578.3,58.5,14764.61,67.1,12267.6,66.3508,64.9,222900.0,4.99,8.3,493.0,604.0,5.3,291.262,9.6
2010-03-01,5537.0,687.0,196.3,5.280662431309316,580.3,58.5,14764.61,67.1,12330.9,74.3844,64.9,222900.0,4.9675,7.1,492.0,636.0,5.3,291.718,9.6
2010-04-01,5553.0,637.0,194.6,5.278114659230517,579.8,58.7,14980.193,66.9,12441.8,83.5931,65.2,219500.0,5.098,6.2,488.0,687.0,6.0,292.806,9.6
2010-05-01,5520.0,575.0,193.3,5.278114659230517,578.1,58.6,14980.193,66.9,12543.7,81.0539,64.9,219500.0,4.8875,9.3,476.0,583.0,6.4,292.788,9.6
2010-06-01,5516.0,587.0,192.3,5.278114659230517,577.2,58.5,14980.193,66.9,12550.7,79.9611,64.6,219500.0,4.7375,8.3,447.0,536.0,6.2,291.442,9.4
2010-07-01,5508.0,579.0,191.7,5.278114659230517,570.2,58.5,15141.607,66.9,12588.7,78.0626,64.6,224100.0,4.564,8.9,443.0,546.0,6.1,289.982,9.4
2010-08-01,5524.0,580.0,191.5,5.278114659230517,568.7,58.6,15141.607,66.9,12652.9,80.8866,64.7,224100.0,4.4275,8.8,444.0,599.0,6.2,287.832,9.5
2010-09-01,5501.0,563.0,190.8,5.278114659230517,568.0,58.5,15141.607,66.9,12673.4,80.733,64.6,224100.0,4.346,7.6,439.0,594.0,6.1,286.038,9.5
2010-10-01,5508.0,558.0,190.0,5.278114659230517,563.3,58.3,15309.474,66.5,12723.6,82.9329,64.4,224300.0,4.225,8.2,436.0,543.0,5.9,285.062,9.4
2010-11-01,5506.0,560.0,188.5,5.278114659230517,560.8,58.2,15309.474,66.5,12765.5,82.6805,64.6,224300.0,4.3,8.2,431.0,545.0,5.8,284.346,9.6
2010-12-01,5467.0,632.0,187.9,5.278114659230517,559.7,58.3,15309.474,66.5,12873.1,80.3226,64.3,224300.0,4.714,7.0,427.0,539.0,6.2,284.12,9.3
2011-01-01,5427.0,576.0,185.8,5.278114659230517,556.9,58.3,15351.448,66.4,13080.7,79.0521,64.2,226900.0,4.755,7.3,431.0,630.0,6.6,283.04200000000003,9.1
2011-02-01,5451.0,542.0,185.4,5.278114659230517,559.0,58.4,15351.448,66.4,13155.6,82.803,64.1,226900.0,4.9525,8.1,424.0,517.0,6.9,280.7,9.0
2011-03-01,5477.0,583.0,186.5,5.278114659230517,562.4,58.4,15351.448,66.4,13178.2,80.3605,64.2,226900.0,4.836,7.2,420.0,600.0,6.3,279.962,9.0
2011-04-01,5485.0,581.0,189.0,5.278114659230517,563.5,58.4,15557.539,65.9,13212.8,80.2154,64.2,228100.0,4.84,6.7,417.0,554.0,6.3,280.02,9.1
2011-05-01,5516.0,618.0,188.0,5.292299294222474,560.1,58.3,15557.539,65.9,13239.1,83.0405,64.1,228100.0,4.6375,6.6,415.0,561.0,6.3,279.81,9.0
2011-06-01,5528.0,636.0,186.9,5.292299294222474,567.5,58.2,15557.539,65.9,13295.7,85.5086,64.0,228100.0,4.51,6.6,416.0,608.0,6.5,279.724,9.1
2011-07-01,5547.0,621.0,188.6,5.292299294222474,565.1,58.2,15647.68,66.3,13375.8,86.6224,64.0,223500.0,4.545,6.7,417.0,623.0,6.7,279.46,9.0
2011-08-01,5552.0,647.0,187.8,5.292299294222474,564.4,58.3,15647.68,66.3,13400.3,88.4423,64.1,223500.0,4.27,6.5,414.0,585.0,6.7,278.618,9.0
2011-09-01,5584.0,610.0,189.3,5.292299294222474,565.6,58.4,15647.68,66.3,13401.5,87.5078,64.2,223500.0,4.106,6.3,417.0,650.0,6.4,277.336,9.0
2011-10-01,5588.0,671.0,180.8,5.295312857527738,571.7,58.4,15842.259,66.0,13406.4,88.3034,64.1,221100.0,4.0675,6.0,422.0,610.0,6.3,275.904,8.8
2011-11-01,5593.0,706.0,181.9,5.295312857527738,571.9,58.6,15842.259,66.0,13419.7,87.7571,64.1,221100.0,3.9925,5.7,433.0,711.0,6.4,274.30400000000003,8.6
2011-12-01,5611.0,697.0,182.5,5.294811227218749,575.0,58.6,15842.259,66.0,13548.9,92.3676,64.0,221100.0,3.958,5.3,434.0,694.0,7.2,273.348,8.5
2012-01-01,5626.0,712.0,185.4,5.294811227218749,575.2,58.4,16068.805,65.4,13631.6,95.8403,63.7,238400.0,3.915,5.3,441.0,723.0,7.4,273.214,8.3
2012-02-01,5629.0,738.0,185.8,5.294811227218749,576.8,58.5,16068.805,65.4,13731.1,95.3474,63.8,238400.0,3.89,4.8,450.0,704.0,7.3,273.066,8.3
2012-03-01,5625.0,806.0,185.2,5.294811227218749,573.0,58.5,16068.805,65.4,13798.5,93.6095,63.8,238400.0,3.954,4.9,458.0,695.0,7.6,275.808,8.2
2012-04-01,5618.0,732.0,187.2,5.294811227218749,572.0,58.4,16207.115,65.5,13868.1,94.8689,63.7,238700.0,3.91,4.9,463.0,753.0,7.9,278.308,8.2
2012-05-01,5604.0,796.0,188.7,5.302309387817574,574.0,58.5,16207.115,65.5,13850.3,92.7701,63.7,238700.0,3.798,4.7,474.0,708.0,7.9,280.31,8.2
2012-06-01,5621.0,794.0,188.8,5.301811255802292,576.2,58.6,16207.115,65.5,13837.1,91.4465,63.8,238700.0,3.675,4.8,486.0,757.0,7.9,282.06,8.2
2012-07-01,5632.0,849.0,188.3,5.301811255802292,583.4,58.5,16319.541,65.5,13752.9,90.0581,63.7,248800.0,3.55,4.6,490.0,740.0,7.0,283.33799999999997,8.2
2012-08-01,5648.0,840.0,189.0,5.301811255802292,584.8,58.4,16319.541,65.5,13768.5,90.1465,63.5,248800.0,3.602,4.6,495.0,754.0,6.7,284.558,8.1
2012-09-01,5661.0,930.0,189.1,5.301811255802292,586.5,58.7,16319.541,65.5,13914.1,89.7802,63.6,248800.0,3.4975,4.5,511.0,847.0,7.2,285.816,7.8
2012-10-01,5674.0,887.0,188.8,5.301811255802292,582.7,58.8,16420.419,65.4,14049.2,91.4772,63.8,251700.0,3.3825,4.9,520.0,915.0,7.8,287.2,7.8
2012-11-01,5684.0,917.0,189.1,5.301811255802292,590.9,58.7,16420.419,65.4,14230.7,95.9137,63.6,251700.0,3.352,4.6,534.0,833.0,8.7,289.17,7.7
2012-12-01,5724.0,941.0,188.3,5.301811255802292,594.7,58.7,16420.419,65.4,14581.4,96.1474,63.7,251700.0,3.345,4.5,551.0,976.0,10.9,291.006,7.9
2013-01-01,5746.0,940.0,194.7,5.305292980284462,595.6,58.6,16648.189,65.0,13880.4,98.907,63.7,258400.0,3.414,4.0,559.0,888.0,4.9,293.654,8.0
2013-02-01,5784.0,980.0,194.4,5.305292980284462,597.9,58.6,16648.189,65.0,13902.0,100.6487,63.4,258400.0,3.5325,4.1,581.0,962.0,4.7,295.568,7.7
2013-03-01,5802.0,936.0,194.6,5.305292980284462,601.9,58.5,16648.189,65.0,13932.2,100.5747,63.3,258400.0,3.565,4.2,596.0,1010.0,4.8,299.926,7.5
2013-04-01,5796.0,1012.0,196.2,5.3171391207886245,607.6,58.6,16728.687,65.0,13974.9,95.5687,63.4,268100.0,3.445,4.4,606.0,835.0,5.1,303.038,7.6
2013-05-01,5829.0,1003.0,197.5,5.3171391207886245,610.4,58.6,16728.687,65.0,14052.5,99.5607,63.4,268100.0,3.536,4.6,620.0,930.0,5.3,305.7,7.5
2013-06-01,5855.0,942.0,197.5,5.3171391207886245,610.8,58.6,16728.687,65.0,14083.9,101.1157,63.4,268100.0,4.07,4.1,629.0,839.0,5.4,308.4,7.5
2013-07-01,5859.0,997.0,197.2,5.3171391207886245,610.6,58.7,16953.838,65.3,14072.0,101.9294,63.3,264800.0,4.37,5.5,640.0,880.0,5.2,311.20799999999997,7.3
2013-08-01,5878.0,964.0,197.7,5.307277107919509,613.8,58.7,16953.838,65.3,14117.3,103.143,63.3,264800.0,4.456,5.5,654.0,917.0,5.2,313.93,7.2
2013-09-01,5910.0,1004.0,197.6,5.307277107919509,615.1,58.7,16953.838,65.3,14181.7,105.1505,63.2,264800.0,4.49,5.4,661.0,850.0,5.3,316.454,7.2
2013-10-01,5931.0,1044.0,197.9,5.307277107919509,621.2,58.3,17192.019,65.2,14152.3,103.4174,62.8,273600.0,4.192,4.9,670.0,925.0,4.7,318.48400000000004,7.2
2013-11-01,5963.0,1029.0,198.0,5.307277107919509,625.8,58.6,17192.019,65.2,14209.6,100.2048,63.0,273600.0,4.255,5.0,687.0,1100.0,4.5,320.14799999999997,6.9
2013-12-01,5932.0,1005.0,197.4,5.307277107919509,628.6,58.7,17192.019,65.2,14266.5,99.2019,62.9,273600.0,4.4575,5.2,707.0,1002.0,4.5,321.988,6.7
2014-01-01,5985.0,976.0,200.8,5.332718793265369,632.4,58.8,17197.738,64.8,14369.2,96.8279,62.9,275200.0,4.432,5.1,713.0,888.0,5.2,323.85400000000004,6.6
2014-02-01,6007.0,1039.0,199.2,5.332718793265369,641.6,58.7,17197.738,64.8,14456.4,96.6639,62.9,275200.0,4.3025,5.3,714.0,944.0,5.3,325.05,6.7
2014-03-01,6038.0,1067.0,199.3,5.332718793265369,642.4,58.9,17197.738,64.8,14555.0,98.2095,63.1,275200.0,4.3425,5.6,726.0,970.0,5.2,326.172,6.7
2014-04-01,6084.0,1090.0,207.0,5.332718793265369,650.5,58.9,17518.508,64.7,14624.5,99.8622,62.8,288000.0,4.3375,5.7,743.0,1043.0,5.4,326.786,6.2
2014-05-01,6109.0,1018.0,207.1,5.332718793265369,650.0,58.9,17518.508,64.7,14689.5,103.247,62.9,288000.0,4.192,5.2,754.0,1007.0,5.6,327.32,6.3
2014-06-01,6133.0,1010.0,207.0,5.332718793265369,657.1,59.0,17518.508,64.7,14760.1,102.0049,62.8,288000.0,4.1625,5.7,771.0,911.0,5.6,328.12800000000004,6.1
2014-07-01,6178.0,1076.0,207.0,5.332718793265369,665.1,59.0,17804.228,64.4,14821.1,104.798,62.9,281000.0,4.13,6.2,790.0,1085.0,5.5,329.158,6.2
2014-08-01,6210.0,1047.0,207.8,5.332718793265369,669.8,59.0,17804.228,64.4,14894.2,103.4822,62.9,281000.0,4.115,5.4,793.0,984.0,5.3,330.43,6.1
2014-09-01,6242.0,1077.0,208.8,5.332718793265369,677.3,59.1,17804.228,64.4,14951.2,106.4102,62.8,281000.0,4.1625,5.4,797.0,1023.0,5.5,331.81,5.9
2014-10-01,6259.0,1094.0,210.5,5.332718793265369,674.1,59.3,17912.079,64.0,15022.7,107.4771,62.9,298900.0,4.036,5.3,806.0,1074.0,5.4,333.282,5.7
2014-11-01,6272.0,1059.0,210.3,5.332718793265369,676.7,59.2,17912.079,64.0,15094.0,99.994,62.9,298900.0,3.9975,5.7,814.0,1001.0,5.6,334.67,5.8
2014-12-01,6293.0,1072.0,210.0,5.333201768401539,672.6,59.3,17912.079,64.0,15170.9,107.8144,62.8,298900.0,3.864,5.1,826.0,1073.0,6.0,336.102,5.6
2015-01-01,6320.0,1049.0,217.3,5.338499156180869,680.1,59.3,18063.529,63.7,15230.8,108.0196,62.9,289200.0,3.67,4.8,830.0,1085.0,6.3,337.268,5.7
2015-02-01,6361.0,1127.0,217.7,5.338499156180869,680.4,59.2,18063.529,63.7,15313.3,98.3234,62.7,289200.0,3.71,4.5,830.0,886.0,6.4,338.25800000000004,5.5
2015-03-01,6334.0,1072.0,217.3,5.338499156180869,682.1,59.2,18063.529,63.7,15314.2,98.0626,62.6,289200.0,3.77,5.1,843.0,960.0,5.9,339.598,5.4
2015-04-01,6392.0,1166.0,225.0,5.339459309879212,684.7,59.3,18279.784,63.4,15373.5,102.8839,62.8,289100.0,3.672,4.9,868.0,1190.0,5.9,340.596,5.4
2015-05-01,6427.0,1272.0,224.4,5.339459309879212,690.0,59.4,18279.784,63.4,15442.7,104.7122,62.9,289100.0,3.84,5.0,878.0,1079.0,5.8,341.76,5.6
2015-06-01,6441.0,1379.0,223.7,5.339459309879212,688.5,59.4,18279.784,63.4,15479.0,107.4307,62.7,289100.0,3.9825,5.4,896.0,1205.0,5.7,342.94199999999995,5.3
2015-07-01,6472.0,1140.0,223.9,5.339459309879212,697.7,59.3,18401.626,63.7,15518.6,112.8845,62.6,295800.0,4.046,5.2,908.0,1146.0,5.6,344.26599999999996,5.2
2015-08-01,6490.0,1165.0,224.8,5.339459309879212,698.2,59.4,18401.626,63.7,15550.5,114.3793,62.6,295800.0,3.905,5.0,921.0,1130.0,5.6,345.87199999999996,5.1
2015-09-01,6508.0,1144.0,224.1,5.339459309879212,699.8,59.2,18401.626,63.7,15570.5,114.5231,62.4,295800.0,3.89,5.9,939.0,1224.0,5.8,347.656,5.0
2015-10-01,6547.0,1160.0,224.3,5.339459309879212,702.6,59.3,18435.137,63.8,15608.0,113.241,62.5,302500.0,3.796,5.6,943.0,1058.0,5.8,349.584,5.0
2015-11-01,6598.0,1244.0,223.8,5.339459309879212,708.9,59.4,18435.137,63.8,15615.4,112.7522,62.5,302500.0,3.9425,5.5,962.0,1172.0,5.6,351.476,5.1
2015-12-01,6630.0,1211.0,224.1,5.339459309879212,712.9,59.6,18435.137,63.8,15668.4,119.8456,62.7,302500.0,3.964,5.1,970.0,1146.0,5.8,353.088,5.0
2016-01-01,6631.0,1171.0,231.5,5.36970736263471,714.2,59.7,18525.933,63.5,15695.5,116.7888,62.7,299800.0,3.8725,5.6,968.0,1092.0,6.1,354.548,4.8
2016-02-01,6640.0,1172.0,229.3,5.36970736263471,717.0,59.8,18525.933,63.5,15695.9,119.0626,62.8,299800.0,3.66,5.5,982.0,1225.0,5.6,355.298,4.9
2016-03-01,6678.0,1118.0,229.6,5.3706380281276624,720.5,59.8,18525.933,63.5,15731.6,118.9009,63.0,299800.0,3.694,5.5,987.0,1111.0,5.9,356.32800000000003,5.0
2016-04-01,6702.0,1160.0,233.4,5.373888553395111,726.2,59.7,18711.702,62.9,15758.9,109.6192,62.9,306000.0,3.605,5.0,998.0,1163.0,5.5,357.532,5.1
2016-05-01,6689.0,1205.0,233.2,5.373888553395111,726.8,59.7,18711.702,62.9,15777.2,107.7492,62.7,306000.0,3.6,5.1,1010.0,1148.0,5.3,358.858,4.8
2016-06-01,6701.0,1208.0,233.7,5.373888553395111,727.4,59.7,18711.702,62.9,15821.4,110.7745,62.7,306000.0,3.568,5.3,1016.0,1203.0,4.9,360.168,4.9
2016-07-01,6735.0,1198.0,235.4,5.373888553395111,728.1,59.8,18892.639,63.5,15891.5,105.8163,62.8,303800.0,3.44,4.5,1033.0,1239.0,5.1,361.668,4.8
2016-08-01,6736.0,1201.0,235.1,5.373888553395111,734.3,59.8,18892.639,63.5,15931.3,105.2523,62.9,303800.0,3.435,5.0,1038.0,1171.0,5.1,363.7,4.9
2016-09-01,6768.0,1303.0,234.9,5.373888553395111,744.9,59.7,18892.639,63.5,15999.1,105.2719,62.9,303800.0,3.46,5.2,1038.0,1068.0,5.1,365.646,5.0
2016-10-01,6799.0,1254.0,234.7,5.373888553395111,743.8,59.7,19089.379,63.7,16059.4,106.2018,62.8,310900.0,3.47,5.2,1053.0,1313.0,5.3,367.5,4.9
2016-11-01,6823.0,1230.0,234.9,5.373888553395111,744.0,59.7,19089.379,63.7,16107.6,107.0915,62.7,310900.0,3.77,5.2,1042.0,1140.0,5.4,369.518,4.7
2016-12-01,6818.0,1248.0,233.9,5.373888553395111,741.9,59.7,19089.379,63.7,16182.5,103.4522,62.7,310900.0,4.198,5.4,1057.0,1252.0,5.0,371.45,4.7
2017-01-01,6840.0,1296.0,238.9,5.381738974687109,744.3,59.9,19280.084,63.6,16293.3,103.6667,62.8,313100.0,4.15,5.4,1063.0,1190.0,5.3,373.61,4.7
2017-02-01,6881.0,1237.0,239.4,5.381738974687109,747.6,60.0,19280.084,63.6,16363.5,109.3678,62.9,313100.0,4.1675,5.3,1070.0,1271.0,5.6,374.626,4.6
2017-03-01,6902.0,1273.0,239.3,5.38081858805978,746.5,60.2,19280.084,63.6,16415.1,104.1273,62.9,313100.0,4.196,5.0,1071.0,1190.0,5.6,375.984,4.4
2017-04-01,6916.0,1239.0,245.3,5.389984555073861,745.1,60.2,19438.643,63.7,16476.0,99.4783,63.0,318200.0,4.045,5.4,1075.0,1146.0,5.7,377.448,4.4
2017-05-01,6931.0,1205.0,245.5,5.389984555073861,747.2,60.1,19438.643,63.7,16573.2,98.5261,62.8,318200.0,4.01,5.1,1071.0,1157.0,6.3,379.232,4.4
2017-06-01,6962.0,1353.0,245.4,5.389984555073861,747.5,60.1,19438.643,63.7,16604.0,98.5578,62.8,318200.0,3.904,5.3,1073.0,1249.0,6.0,381.026,4.3
2017-07-01,6968.0,1254.0,245.6,5.389984555073861,753.2,60.2,19692.595,63.9,16665.9,96.7684,62.9,320500.0,3.9675,5.8,1075.0,1206.0,6.0,382.9,4.3
2017-08-01,7002.0,1336.0,245.6,5.423627557513483,752.7,60.1,19692.595,63.9,16733.7,96.8806,62.9,320500.0,3.88,6.1,1083.0,1159.0,6.1,385.326,4.4
2017-09-01,7013.0,1277.0,244.7,5.5134287461649825,752.2,60.4,19692.595,63.9,16841.9,96.879,63.1,320500.0,3.805,5.3,1093.0,1181.0,5.9,387.518,4.3
2017-10-01,7031.0,1360.0,243.8,5.5134287461649825,759.7,60.1,20037.088,64.2,16930.8,98.9506,62.7,337900.0,3.895,5.5,1101.0,1257.0,6.0,389.61,4.2
2017-11-01,7068.0,1295.0,243.4,5.5134287461649825,763.3,60.1,20037.088,64.2,16997.5,101.8784,62.7,337900.0,3.922,4.8,1107.0,1273.0,5.6,391.916,4.2
2017-12-01,7091.0,1312.0,243.3,5.5134287461649825,772.5,60.1,20037.088,64.2,17058.2,102.0626,62.7,337900.0,3.95,5.6,1100.0,1177.0,5.0,394.356,4.1
2018-01-01,7093.0,1311.0,246.8,5.44198471636045,776.7,60.1,20328.553,64.2,17141.7,100.0281,62.7,331800.0,4.0325,6.0,1105.0,1299.0,5.7,396.628,4.0
2018-02-01,7184.0,1331.0,246.6,5.44198471636045,785.2,60.4,20328.553,64.2,17204.1,101.3911,63.0,331800.0,4.33,5.7,1109.0,1277.0,5.8,398.454,4.1
2018-03-01,7194.0,1381.0,246.5,5.482720089545816,787.9,60.4,20328.553,64.2,17268.2,100.3022,62.9,331800.0,4.444,5.2,1121.0,1318.0,5.9,399.922,4.0
2018-04-01,7212.0,1365.0,248.1,5.491826112732555,792.9,60.4,20580.912,64.3,17328.7,102.4601,62.9,315600.0,4.4675,5.6,1124.0,1276.0,6.0,401.31,4.0
2018-05-01,7274.0,1331.0,249.2,5.501258210544727,798.1,60.5,20580.912,64.3,17404.4,105.2745,62.9,315600.0,4.586,5.5,1131.0,1357.0,6.0,402.846,3.8
2018-06-01,7292.0,1338.0,251.0,5.501258210544727,802.2,60.5,20580.912,64.3,17488.4,103.0784,63.0,315600.0,4.57,5.8,1126.0,1192.0,6.3,404.474,4.0
2018-07-01,7318.0,1333.0,250.3,5.501666290534067,803.0,60.6,20798.73,64.4,17587.6,103.6884,63.0,330900.0,4.5275,6.0,1127.0,1208.0,6.5,405.814,3.8
2018-08-01,7347.0,1293.0,249.6,5.523858042461968,802.1,60.3,20798.73,64.4,17664.0,103.0046,62.6,330900.0,4.55,6.5,1129.0,1288.0,6.6,407.376,3.8
2018-09-01,7375.0,1320.0,249.7,5.523858042461968,803.8,60.4,20798.73,64.4,17693.5,100.7646,62.8,330900.0,4.6275,6.6,1135.0,1250.0,6.8,408.706,3.7
2018-10-01,7389.0,1280.0,250.3,5.523858042461968,803.4,60.5,20917.867,64.8,17749.8,100.0901,62.9,322800.0,4.83,7.2,1141.0,1221.0,6.7,410.24,3.8
2018-11-01,7386.0,1334.0,249.9,5.523858042461968,808.8,60.6,20917.867,64.8,17795.7,95.3075,62.9,322800.0,4.866,6.4,1144.0,1181.0,6.5,411.358,3.8
2018-12-01,7396.0,1320.0,249.9,5.517452896464707,812.7,60.6,20917.867,64.8,18012.4,96.3338,63.0,322800.0,4.6375,7.6,1148.0,1095.0,8.4,412.338,3.9
2019-01-01,7424.0,1254.0,252.7,5.524257005164247,816.2,60.6,21104.133,64.2,18053.9,102.6488,63.1,313000.0,4.464,7.0,1152.0,1232.0,8.2,413.078,4.0
2019-02-01,7396.0,1302.0,252.1,5.523458920524919,813.7,60.7,21104.133,64.2,18151.4,98.9187,63.1,313000.0,4.37,6.4,1140.0,1128.0,8.5,413.696,3.8
2019-03-01,7422.0,1291.0,251.2,5.5310151306670585,816.9,60.6,21104.133,64.2,18229.5,97.4072,63.0,313000.0,4.265,5.7,1125.0,1195.0,7.9,414.094,3.8
2019-04-01,7459.0,1298.0,255.6,5.5345745570076295,811.0,60.6,21384.775,64.1,18262.1,98.5315,62.9,322500.0,4.1425,5.8,1123.0,1267.0,7.7,415.012,3.6
2019-05-01,7486.0,1338.0,258.1,5.547128664610824,812.2,60.6,21384.775,64.1,18277.0,98.1995,62.9,322500.0,4.072,6.7,1132.0,1307.0,7.3,416.276,3.7
2019-06-01,7511.0,1301.0,257.7,5.537727890326118,815.6,60.7,21384.775,64.1,18310.5,98.042,63.0,322500.0,3.8025,5.2,1142.0,1228.0,7.1,417.318,3.6
2019-07-01,7525.0,1347.0,255.5,5.534969267887039,817.5,60.8,21694.282,64.8,18328.6,102.4513,63.1,318400.0,3.765,5.9,1146.0,1245.0,6.8,418.524,3.7
2019-08-01,7530.0,1528.0,255.4,5.529825834193874,824.7,60.8,21694.282,64.8,18423.6,103.3392,63.1,318400.0,3.616,5.4,1149.0,1367.0,7.0,420.204,3.7
2019-09-01,7551.0,1491.0,255.5,5.534969267887039,825.8,61.0,21694.282,64.8,18474.4,106.1046,63.2,318400.0,3.605,5.4,1161.0,1300.0,7.2,421.826,3.5
2019-10-01,7556.0,1538.0,255.4,5.5258512661635395,828.6,61.0,21902.39,65.1,18549.5,102.4713,63.3,327100.0,3.688,5.3,1160.0,1332.0,7.3,423.616,3.6
2019-11-01,7545.0,1522.0,255.1,5.529032183358565,830.7,61.0,21902.39,65.1,18630.7,97.2591,63.3,327100.0,3.695,5.4,1165.0,1346.0,7.1,425.61,3.6
2019-12-01,7528.0,1461.0,255.0,5.532203014394148,828.2,61.0,21902.39,65.1,18583.8,100.0059,63.3,327100.0,3.72,5.6,1177.0,1551.0,6.4,427.91,3.6
2020-01-01,7580.0,1500.0,254.2,5.5329941536759195,828.4,61.1,21706.513,65.3,18821.5,107.993,63.3,329000.0,3.624,5.7,1195.0,1572.0,7.2,429.98800000000006,3.5
2020-02-01,7608.0,1440.0,253.9,5.536152466605236,837.2,61.1,21706.513,65.3,18925.6,105.8406,63.3,329000.0,3.465,5.6,1213.0,1565.0,7.7,431.674,3.5
2020-03-01,7539.0,1348.0,253.9,5.549853992363464,833.5,59.8,21706.513,65.3,18577.4,100.6725,62.6,329000.0,3.45,6.5,1215.0,1267.0,11.275,432.73,4.4
2020-04-01,6527.0,1050.0,257.2,5.551407994230199,708.4,55.025000000000006,19913.143,67.9,20750.9,95.8725,60.1,322600.0,3.306,6.9,1193.0,925.0,11.275,433.602,9.6
2020-05-01,7009.0,1253.0,256.2,5.573294066502264,773.6,55.025000000000006,19913.143,67.9,19877.2,99.8972,60.8,322600.0,3.2325,5.4,1180.0,1054.0,11.275,433.974,9.6
2020-06-01,7170.0,1329.0,258.4,5.573294066502264,793.6,55.025000000000006,19913.143,67.9,19920.9,104.5993,61.5,322600.0,3.1625,3.8,1183.0,1266.0,11.275,435.26,9.6
2020-07-01,7195.0,1526.0,259.7,5.566051801190121,803.1,55.2,21647.64,67.4,20191.5,105.4513,61.5,337500.0,3.016,3.4,1201.0,1529.0,11.275,438.644,9.6
2020-08-01,7225.0,1564.0,259.6,5.566051801190121,810.0,56.5,21647.64,67.4,19594.2,103.4103,61.7,337500.0,2.935,3.3,1213.0,1377.0,11.275,444.848,8.4
2020-09-01,7256.0,1643.0,259.8,5.573294066502264,818.9,56.6,21647.64,67.4,19744.9,101.6846,61.4,337500.0,2.89,3.4,1218.0,1463.0,11.275,451.706,7.9
2020-10-01,7310.0,1622.0,259.7,5.573294066502264,827.2,57.4,22024.502,65.8,19758.5,102.824,61.7,358700.0,2.834,3.3,1228.0,1537.0,11.275,459.562,6.9
2020-11-01,7317.0,1713.0,259.5,5.573294066502264,828.0,57.4,22024.502,65.8,19610.4,104.775,61.5,358700.0,2.765,4.0,1248.0,1545.0,11.275,466.47,6.7
2020-12-01,7355.0,1760.0,259.6,5.573294066502264,837.6,57.4,22024.502,65.8,19775.2,105.794,61.5,358700.0,2.684,4.1,1262.0,1663.0,11.275,473.042,6.7
2021-01-01,7363.0,1866.0,260.7,5.574053367981417,842.5,57.5,22600.185,65.6,21760.9,107.7894,61.3,369800.0,2.735,4.0,1282.0,1602.0,11.275,479.11800000000005,6.3
2021-02-01,7291.0,1700.0,261.3,5.577463107977531,846.2,57.6,22600.185,65.6,20254.0,94.1235,61.4,369800.0,2.81,4.9,1286.0,1422.0,11.275,484.65,6.2
2021-03-01,7395.0,1731.0,261.2,5.577084821610244,858.0,57.8,22600.185,65.6,24471.8,99.3792,61.5,369800.0,3.0825,4.4,1308.0,1700.0,11.275,490.804,6.1
2021-04-01,7406.0,1714.0,268.0,5.582367852765768,854.3,57.9,23292.362,65.4,21304.2,102.5381,61.6,382600.0,3.06,4.7,1320.0,1484.0,11.275,498.11,6.1
2021-05-01,7394.0,1680.0,268.2,5.594711379601839,855.8,58.0,23292.362,65.4,20899.7,99.2814,61.5,382600.0,2.9625,5.6,1338.0,1600.0,9.9,506.852,5.8
2021-06-01,7400.0,1644.0,268.4,5.594711379601839,857.8,58.0,23292.362,65.4,20934.3,96.703,61.7,382600.0,2.975,5.8,1372.0,1661.0,8.7,516.762,5.9
2021-07-01,7415.0,1618.0,269.453,5.605125366798294,867.2,58.4,23828.973,65.4,21156.5,95.8351,61.8,411200.0,2.868,5.7,1387.0,1593.0,9.4,525.414,5.4
2021-08-01,7431.0,1837.0,271.193,5.605125366798294,873.6,58.6,23828.973,65.4,21207.3,95.9847,61.7,411200.0,2.8425,6.5,1412.0,1576.0,8.7,533.842,5.2
2021-09-01,7472.0,1636.0,271.694,5.605125366798294,879.9,58.8,23828.973,65.4,21051.2,96.9222,61.7,411200.0,2.9,6.0,1437.0,1560.0,7.2,540.804,4.8
2021-10-01,7514.0,1727.0,271.977,5.605125366798294,882.8,59.0,24654.603,65.5,21201.4,97.2735,61.8,423600.0,3.0675,6.8,1464.0,1572.0,6.6,547.538,4.5
2021-11-01,7560.0,1775.0,270.722,5.630046228275687,889.2,59.4,24654.603,65.5,21297.7,101.2447,61.9,423600.0,3.0675,6.0,1493.0,1712.0,6.2,554.502,4.2
2021-12-01,7594.0,1948.0,271.163,5.630046228275687,896.4,59.5,24654.603,65.5,21352.9,105.87,62.0,423600.0,3.098,5.6,1526.0,1787.0,6.1,562.786,3.9
2022-01-01,7590.0,1898.0,280.267,5.682034356118599,902.9,59.7,25029.116,65.4,21294.8,102.9497,62.2,433100.0,3.445,5.8,1553.0,1669.0,4.1,571.842,4.0
2022-02-01,7669.0,1817.0,281.955,5.708113084016648,910.6,59.8,25029.116,65.4,21426.2,101.875,62.2,433100.0,3.7625,6.2,1581.0,1771.0,4.1,582.18,3.8
2022-03-01,7692.0,1877.0,281.915,5.708113084016648,913.6,60.1,25029.116,65.4,21510.5,101.5162,62.4,433100.0,4.172,7.0,1631.0,1713.0,3.4,592.706,3.6
2022-04-01,7698.0,1795.0,287.439,5.719173424011848,918.3,59.9,25544.273,65.8,21581.3,97.823,62.2,449300.0,4.9825,8.5,1667.5,1803.0,3.1,601.1,3.6
2022-05-01,7736.0,1708.0,287.567,5.719173424011848,925.1,60.0,25544.273,65.8,21657.1,98.8438,62.3,449300.0,5.23,8.3,1667.5,1543.0,3.1,607.592,3.6
2022-06-01,7749.0,1701.0,288.522,5.735649290994573,921.4,59.9,25544.273,65.8,21740.7,100.5367,62.2,449300.0,5.522,9.5,1667.5,1561.0,2.7,609.51,3.6
2022-07-01,7773.0,1658.0,296.731,5.735649290994573,924.1,59.9,25994.639,66.0,21910.5,99.3388,62.1,468000.0,5.4125,10.1,1667.5,1371.0,3.5,607.428,3.5
2022-08-01,7781.0,1586.0,299.595,5.735649290994573,924.5,60.1,25994.639,66.0,22024.3,97.9552,62.3,468000.0,5.2225,8.7,1667.5,1505.0,3.2,603.192,3.7
2022-09-01,7797.0,1588.0,301.55,5.739445584987099,924.6,60.1,25994.639,66.0,22121.5,98.9721,62.3,468000.0,6.112,9.7,1667.5,1463.0,3.0,598.76,3.5
2022-10-01,7814.0,1555.0,306.085,5.739445584987099,929.5,60.0,26408.405,65.9,22242.2,99.6175,62.2,479500.0,6.9,9.7,1667.5,1432.0,3.0,597.844,3.7
2022-11-01,7833.0,1402.0,307.269,5.739445584987099,929.0,59.9,26408.405,65.9,22267.7,92.0686,62.2,479500.0,6.805,9.4,1667.5,1427.0,3.3,596.624,3.6
2022-12-01,7859.0,1409.0,307.445,5.739445584987099,934.3,60.1,26408.405,65.9,22312.3,92.3086,62.3,479500.0,6.364,8.5,1667.5,1357.0,3.4,594.942,3.5
2023-01-01,7885.0,1354.0,322.376,5.803184272363779,935.8,60.2,26813.601,66.0,22525.3,95.9918,62.4,429000.0,6.2725,8.1,1667.5,1340.0,4.4,594.05,3.4
2023-02-01,7899.0,1482.0,326.256,5.803184272363779,931.7,60.2,26813.601,66.0,22648.4,98.5209,62.5,429000.0,6.2575,8.4,1667.5,1436.0,4.7,594.928,3.6
2023-03-01,7890.0,1437.0,326.838,5.808223567774632,931.6,60.4,26813.601,66.0,22757.9,93.3392,62.6,429000.0,6.544,8.1,1667.5,1380.0,5.2,597.078,3.5
2023-04-01,7901.0,1417.0,327.097,5.8184644105730925,928.1,60.4,27063.012,65.9,22815.8,92.2793,62.6,418500.0,6.3425,7.6,1667.5,1348.0,5.2,600.396,3.4
2023-05-01,7926.0,1496.0,329.026,5.8184644105730925,927.8,60.3,27063.012,65.9,22893.1,97.6334,62.6,418500.0,6.425,7.2,1667.5,1583.0,5.3,605.24,3.7
2023-06-01,7955.0,1441.0,328.71,5.8184644105730925,929.5,60.3,27063.012,65.9,22941.5,97.0416,62.6,418500.0,6.714,7.5,1667.5,1418.0,4.9,609.302,3.6
2023-07-01,7967.0,1443.0,331.181,5.8184644105730925,922.6,60.4,27623.543,66.0,22994.3,94.5577,62.6,431000.0,6.84,7.0,1667.5,1451.0,4.1,613.268,3.5
